{
  "__type__": "cc.SpriteFrame",
  "content": {
    "name": "bowl",
    "atlas": "",
    "rect": {
      "x": 0,
      "y": 0,
      "width": 343,
      "height": 289
    },
    "offset": {
      "x": 0,
      "y": 0
    },
    "originalSize": {
      "width": 343,
      "height": 289
    },
    "rotated": false,
    "capInsets": [
      0,
      0,
      0,
      0
    ],
    "vertices": {
      "rawPosition": [
        -171.5,
        -144.5,
        0,
        171.5,
        -144.5,
        0,
        -171.5,
        144.5,
        0,
        171.5,
        144.5,
        0
      ],
      "indexes": [
        0,
        1,
        2,
        2,
        1,
        3
      ],
      "uv": [
        0,
        289,
        343,
        289,
        0,
        0,
        343,
        0
      ],
      "nuv": [
        0,
        0,
        1,
        0,
        0,
        1,
        1,
        1
      ],
      "minPos": {
        "x": -171.5,
        "y": -144.5,
        "z": 0
      },
      "maxPos": {
        "x": 171.5,
        "y": 144.5,
        "z": 0
      }
    },
    "texture": "04ac2070-e096-435e-8d31-563cc9f5b1e9@6c48a",
    "packable": true,
    "pixelsToUnit": 100,
    "pivot": {
      "x": 0.5,
      "y": 0.5
    },
    "meshType": 0
  }
}