{
  "__type__": "cc.SpriteFrame",
  "content": {
    "name": "selected",
    "atlas": "",
    "rect": {
      "x": 0,
      "y": 0,
      "width": 267,
      "height": 207
    },
    "offset": {
      "x": 0,
      "y": 0
    },
    "originalSize": {
      "width": 267,
      "height": 207
    },
    "rotated": false,
    "capInsets": [
      0,
      0,
      0,
      0
    ],
    "vertices": {
      "rawPosition": [
        -133.5,
        -103.5,
        0,
        133.5,
        -103.5,
        0,
        -133.5,
        103.5,
        0,
        133.5,
        103.5,
        0
      ],
      "indexes": [
        0,
        1,
        2,
        2,
        1,
        3
      ],
      "uv": [
        0,
        207,
        267,
        207,
        0,
        0,
        267,
        0
      ],
      "nuv": [
        0,
        0,
        1,
        0,
        0,
        1,
        1,
        1
      ],
      "minPos": {
        "x": -133.5,
        "y": -103.5,
        "z": 0
      },
      "maxPos": {
        "x": 133.5,
        "y": 103.5,
        "z": 0
      }
    },
    "texture": "d5e4b84a-ad71-4eb8-94b2-d8e384edc722@6c48a",
    "packable": true,
    "pixelsToUnit": 100,
    "pivot": {
      "x": 0.5,
      "y": 0.5
    },
    "meshType": 0
  }
}