{
  "C:\\Users\\suppo\\Project\\colyseus\\FilterTest\\client\\CocosClient\\assets\\Main.ts.meta": {
    "time": 1672744385018.185
  },
  "C:\\Users\\suppo\\Project\\colyseus\\FilterTest\\client\\CocosClient\\assets\\Main.ts": {
    "time": 1673093754349.1045,
    "uuid": "16d87fa3-ea8e-4582-ba25-c9be333a22d9",
    "missing": false
  },
  "C:\\Users\\suppo\\Project\\colyseus\\FilterTest\\client\\CocosClient\\assets\\1.jpg.meta": {
    "time": 1672751381961.9497
  },
  "C:\\Users\\suppo\\Project\\colyseus\\FilterTest\\client\\CocosClient\\assets\\2.jpg.meta": {
    "time": 1672751381965.9495
  },
  "C:\\Users\\suppo\\Project\\colyseus\\FilterTest\\client\\CocosClient\\assets\\3.jpg.meta": {
    "time": 1672751381959.9497
  },
  "C:\\Users\\suppo\\Project\\colyseus\\FilterTest\\client\\CocosClient\\assets\\4.jpg.meta": {
    "time": 1672751381963.9497
  },
  "C:\\Users\\suppo\\Project\\colyseus\\FilterTest\\client\\CocosClient\\assets\\5.jpg.meta": {
    "time": 1672751381970.115
  },
  "C:\\Users\\suppo\\Project\\colyseus\\FilterTest\\client\\CocosClient\\assets\\6.jpg.meta": {
    "time": 1672751381984.2349
  },
  "C:\\Users\\suppo\\Project\\colyseus\\FilterTest\\client\\CocosClient\\assets\\3.jpg": {
    "time": 1672750278171.9421,
    "uuid": "04b72624-fedf-469e-b3ab-294e8e115459",
    "missing": false
  },
  "C:\\Users\\suppo\\Project\\colyseus\\FilterTest\\client\\CocosClient\\assets\\1.jpg": {
    "time": 1672750252170.9084,
    "uuid": "a813643b-a1a9-4cb9-8e2b-2e0ee2769bfb",
    "missing": false
  },
  "C:\\Users\\suppo\\Project\\colyseus\\FilterTest\\client\\CocosClient\\assets\\4.jpg": {
    "time": 1672750290848.0198,
    "uuid": "7b160565-5663-4356-a0d6-4b72cd98a861",
    "missing": false
  },
  "C:\\Users\\suppo\\Project\\colyseus\\FilterTest\\client\\CocosClient\\assets\\2.jpg": {
    "time": 1672750268358.556,
    "uuid": "da228b72-669c-4aef-9319-23c3420048f5",
    "missing": false
  },
  "C:\\Users\\suppo\\Project\\colyseus\\FilterTest\\client\\CocosClient\\assets\\5.jpg": {
    "time": 1672750302975.7078,
    "uuid": "b665e914-85ce-4ac5-a35c-6ef95622bf03",
    "missing": false
  },
  "C:\\Users\\suppo\\Project\\colyseus\\FilterTest\\client\\CocosClient\\assets\\6.jpg": {
    "time": 1672750313864.6055,
    "uuid": "85f0d518-7ab0-47df-9a1b-cf0c1d38fdb4",
    "missing": false
  },
  "C:\\Users\\suppo\\Project\\colyseus\\FilterTest\\client\\CocosClient\\assets\\bowl.jpg.meta": {
    "time": 1672751541615.2422
  },
  "C:\\Users\\suppo\\Project\\colyseus\\FilterTest\\client\\CocosClient\\assets\\bowl.jpg": {
    "time": 1672750684172.1138,
    "uuid": "04ac2070-e096-435e-8d31-563cc9f5b1e9",
    "missing": false
  },
  "C:\\Users\\suppo\\Project\\colyseus\\FilterTest\\client\\CocosClient\\assets\\main.scene.meta": {
    "time": 1672751550018.8691
  },
  "C:\\Users\\suppo\\Project\\colyseus\\FilterTest\\client\\CocosClient\\assets\\main.scene": {
    "time": 1673093570435.1372,
    "uuid": "7112b83d-5dd1-43f9-b63f-04587a40abcd",
    "missing": false
  },
  "C:\\Users\\suppo\\Project\\colyseus\\FilterTest\\client\\CocosClient\\assets\\bg.jpg.meta": {
    "time": 1672990308704.2378
  },
  "C:\\Users\\suppo\\Project\\colyseus\\FilterTest\\client\\CocosClient\\assets\\bg.jpg": {
    "time": 1672990264375.6477,
    "uuid": "030ff0d5-db34-4b75-a1ec-170c0c2cd689",
    "missing": false
  },
  "C:\\Users\\suppo\\Project\\colyseus\\FilterTest\\client\\CocosClient\\assets\\big.png.meta": {
    "time": 1672990482107.0754
  },
  "C:\\Users\\suppo\\Project\\colyseus\\FilterTest\\client\\CocosClient\\assets\\small.png.meta": {
    "time": 1672990482108.0735
  },
  "C:\\Users\\suppo\\Project\\colyseus\\FilterTest\\client\\CocosClient\\assets\\big.png": {
    "time": 1672990471006.0886,
    "uuid": "e4303b44-6568-4491-84ce-e222156f5af6",
    "missing": false
  },
  "C:\\Users\\suppo\\Project\\colyseus\\FilterTest\\client\\CocosClient\\assets\\small.png": {
    "time": 1672990656498.8418,
    "uuid": "2e163894-d5ae-4c17-b919-c75d92b8f5bb",
    "missing": false
  },
  "C:\\Users\\suppo\\Project\\colyseus\\FilterTest\\client\\CocosClient\\assets\\selected.png.meta": {
    "time": 1672990807014.1958
  },
  "C:\\Users\\suppo\\Project\\colyseus\\FilterTest\\client\\CocosClient\\assets\\selected.png": {
    "time": 1672990805373.16,
    "uuid": "d5e4b84a-ad71-4eb8-94b2-d8e384edc722",
    "missing": false
  },
  "C:\\Users\\suppo\\Project\\colyseus\\FilterTest\\client\\CocosClient\\assets\\lose.png.meta": {
    "time": 1672991079679.3762
  },
  "C:\\Users\\suppo\\Project\\colyseus\\FilterTest\\client\\CocosClient\\assets\\win.png.meta": {
    "time": 1672991079676.375
  },
  "C:\\Users\\suppo\\Project\\colyseus\\FilterTest\\client\\CocosClient\\assets\\win.png": {
    "time": 1672990992092.9314,
    "uuid": "b6c7d6db-9434-437d-82fc-e18151aa2606",
    "missing": false
  },
  "C:\\Users\\suppo\\Project\\colyseus\\FilterTest\\client\\CocosClient\\assets\\lose.png": {
    "time": 1672990979806.3489,
    "uuid": "3870f31e-090e-4da1-bcb4-77e9a5a588b9",
    "missing": false
  }
}
