{
  "16d87fa3-ea8e-4582-ba25-c9be333a22d9": {
    "url": "db://assets/Main.ts",
    "value": {}
  },
  "a813643b-a1a9-4cb9-8e2b-2e0ee2769bfb": {
    "url": "db://assets/1.jpg",
    "value": {
      "depends": []
    }
  },
  "da228b72-669c-4aef-9319-23c3420048f5": {
    "url": "db://assets/2.jpg",
    "value": {
      "depends": []
    }
  },
  "04b72624-fedf-469e-b3ab-294e8e115459": {
    "url": "db://assets/3.jpg",
    "value": {
      "depends": []
    }
  },
  "7b160565-5663-4356-a0d6-4b72cd98a861": {
    "url": "db://assets/4.jpg",
    "value": {
      "depends": []
    }
  },
  "b665e914-85ce-4ac5-a35c-6ef95622bf03": {
    "url": "db://assets/5.jpg",
    "value": {
      "depends": []
    }
  },
  "7b160565-5663-4356-a0d6-4b72cd98a861@6c48a": {
    "url": "db://assets/4.jpg@6c48a",
    "value": {
      "depends": [
        "7b160565-5663-4356-a0d6-4b72cd98a861"
      ]
    }
  },
  "04b72624-fedf-469e-b3ab-294e8e115459@6c48a": {
    "url": "db://assets/3.jpg@6c48a",
    "value": {
      "depends": [
        "04b72624-fedf-469e-b3ab-294e8e115459"
      ]
    }
  },
  "a813643b-a1a9-4cb9-8e2b-2e0ee2769bfb@6c48a": {
    "url": "db://assets/1.jpg@6c48a",
    "value": {
      "depends": [
        "a813643b-a1a9-4cb9-8e2b-2e0ee2769bfb"
      ]
    }
  },
  "da228b72-669c-4aef-9319-23c3420048f5@6c48a": {
    "url": "db://assets/2.jpg@6c48a",
    "value": {
      "depends": [
        "da228b72-669c-4aef-9319-23c3420048f5"
      ]
    }
  },
  "b665e914-85ce-4ac5-a35c-6ef95622bf03@6c48a": {
    "url": "db://assets/5.jpg@6c48a",
    "value": {
      "depends": [
        "b665e914-85ce-4ac5-a35c-6ef95622bf03"
      ]
    }
  },
  "04b72624-fedf-469e-b3ab-294e8e115459@f9941": {
    "url": "db://assets/3.jpg@f9941",
    "value": {
      "depends": [
        "04b72624-fedf-469e-b3ab-294e8e115459@6c48a"
      ]
    }
  },
  "85f0d518-7ab0-47df-9a1b-cf0c1d38fdb4": {
    "url": "db://assets/6.jpg",
    "value": {
      "depends": []
    }
  },
  "a813643b-a1a9-4cb9-8e2b-2e0ee2769bfb@f9941": {
    "url": "db://assets/1.jpg@f9941",
    "value": {
      "depends": [
        "a813643b-a1a9-4cb9-8e2b-2e0ee2769bfb@6c48a"
      ]
    }
  },
  "7b160565-5663-4356-a0d6-4b72cd98a861@f9941": {
    "url": "db://assets/4.jpg@f9941",
    "value": {
      "depends": [
        "7b160565-5663-4356-a0d6-4b72cd98a861@6c48a"
      ]
    }
  },
  "da228b72-669c-4aef-9319-23c3420048f5@f9941": {
    "url": "db://assets/2.jpg@f9941",
    "value": {
      "depends": [
        "da228b72-669c-4aef-9319-23c3420048f5@6c48a"
      ]
    }
  },
  "04ac2070-e096-435e-8d31-563cc9f5b1e9": {
    "url": "db://assets/bowl.jpg",
    "value": {
      "depends": []
    }
  },
  "b665e914-85ce-4ac5-a35c-6ef95622bf03@f9941": {
    "url": "db://assets/5.jpg@f9941",
    "value": {
      "depends": [
        "b665e914-85ce-4ac5-a35c-6ef95622bf03@6c48a"
      ]
    }
  },
  "85f0d518-7ab0-47df-9a1b-cf0c1d38fdb4@6c48a": {
    "url": "db://assets/6.jpg@6c48a",
    "value": {
      "depends": [
        "85f0d518-7ab0-47df-9a1b-cf0c1d38fdb4"
      ]
    }
  },
  "04ac2070-e096-435e-8d31-563cc9f5b1e9@6c48a": {
    "url": "db://assets/bowl.jpg@6c48a",
    "value": {
      "depends": [
        "04ac2070-e096-435e-8d31-563cc9f5b1e9"
      ]
    }
  },
  "85f0d518-7ab0-47df-9a1b-cf0c1d38fdb4@f9941": {
    "url": "db://assets/6.jpg@f9941",
    "value": {
      "depends": [
        "85f0d518-7ab0-47df-9a1b-cf0c1d38fdb4@6c48a"
      ]
    }
  },
  "04ac2070-e096-435e-8d31-563cc9f5b1e9@f9941": {
    "url": "db://assets/bowl.jpg@f9941",
    "value": {
      "depends": [
        "04ac2070-e096-435e-8d31-563cc9f5b1e9@6c48a"
      ]
    }
  },
  "7112b83d-5dd1-43f9-b63f-04587a40abcd": {
    "url": "db://assets/main.scene",
    "value": {
      "depends": [
        "7112b83d-5dd1-43f9-b63f-04587a40abcd",
        "030ff0d5-db34-4b75-a1ec-170c0c2cd689@f9941",
        "a813643b-a1a9-4cb9-8e2b-2e0ee2769bfb@f9941",
        "04ac2070-e096-435e-8d31-563cc9f5b1e9@f9941",
        "3870f31e-090e-4da1-bcb4-77e9a5a588b9@f9941",
        "b6c7d6db-9434-437d-82fc-e18151aa2606@f9941",
        "e4303b44-6568-4491-84ce-e222156f5af6@f9941",
        "2e163894-d5ae-4c17-b919-c75d92b8f5bb@f9941",
        "d5e4b84a-ad71-4eb8-94b2-d8e384edc722@f9941",
        "a813643b-a1a9-4cb9-8e2b-2e0ee2769bfb@f9941",
        "da228b72-669c-4aef-9319-23c3420048f5@f9941",
        "04b72624-fedf-469e-b3ab-294e8e115459@f9941",
        "7b160565-5663-4356-a0d6-4b72cd98a861@f9941",
        "b665e914-85ce-4ac5-a35c-6ef95622bf03@f9941",
        "85f0d518-7ab0-47df-9a1b-cf0c1d38fdb4@f9941"
      ]
    }
  },
  "8df64519-91e3-4f4a-91ef-03bd6d78019a": {
    "url": "db://assets/dice.prefab",
    "value": {}
  },
  "ab1642fb-1a9b-405c-b815-db6ac31bdc13": {
    "url": "db://assets/auto-atlas.pac",
    "value": {}
  },
  "030ff0d5-db34-4b75-a1ec-170c0c2cd689": {
    "url": "db://assets/bg.jpg",
    "value": {
      "depends": []
    }
  },
  "030ff0d5-db34-4b75-a1ec-170c0c2cd689@6c48a": {
    "url": "db://assets/bg.jpg@6c48a",
    "value": {
      "depends": [
        "030ff0d5-db34-4b75-a1ec-170c0c2cd689"
      ]
    }
  },
  "030ff0d5-db34-4b75-a1ec-170c0c2cd689@f9941": {
    "url": "db://assets/bg.jpg@f9941",
    "value": {
      "depends": [
        "030ff0d5-db34-4b75-a1ec-170c0c2cd689@6c48a"
      ]
    }
  },
  "e4303b44-6568-4491-84ce-e222156f5af6": {
    "url": "db://assets/big.png",
    "value": {
      "depends": []
    }
  },
  "2e163894-d5ae-4c17-b919-c75d92b8f5bb": {
    "url": "db://assets/small.png",
    "value": {
      "depends": []
    }
  },
  "e4303b44-6568-4491-84ce-e222156f5af6@6c48a": {
    "url": "db://assets/big.png@6c48a",
    "value": {
      "depends": [
        "e4303b44-6568-4491-84ce-e222156f5af6"
      ]
    }
  },
  "2e163894-d5ae-4c17-b919-c75d92b8f5bb@6c48a": {
    "url": "db://assets/small.png@6c48a",
    "value": {
      "depends": [
        "2e163894-d5ae-4c17-b919-c75d92b8f5bb"
      ]
    }
  },
  "e4303b44-6568-4491-84ce-e222156f5af6@f9941": {
    "url": "db://assets/big.png@f9941",
    "value": {
      "depends": [
        "e4303b44-6568-4491-84ce-e222156f5af6@6c48a"
      ]
    }
  },
  "2e163894-d5ae-4c17-b919-c75d92b8f5bb@f9941": {
    "url": "db://assets/small.png@f9941",
    "value": {
      "depends": [
        "2e163894-d5ae-4c17-b919-c75d92b8f5bb@6c48a"
      ]
    }
  },
  "d5e4b84a-ad71-4eb8-94b2-d8e384edc722": {
    "url": "db://assets/selected.png",
    "value": {
      "depends": []
    }
  },
  "d5e4b84a-ad71-4eb8-94b2-d8e384edc722@6c48a": {
    "url": "db://assets/selected.png@6c48a",
    "value": {
      "depends": [
        "d5e4b84a-ad71-4eb8-94b2-d8e384edc722"
      ]
    }
  },
  "d5e4b84a-ad71-4eb8-94b2-d8e384edc722@f9941": {
    "url": "db://assets/selected.png@f9941",
    "value": {
      "depends": [
        "d5e4b84a-ad71-4eb8-94b2-d8e384edc722@6c48a"
      ]
    }
  },
  "3870f31e-090e-4da1-bcb4-77e9a5a588b9": {
    "url": "db://assets/lose.png",
    "value": {
      "depends": []
    }
  },
  "b6c7d6db-9434-437d-82fc-e18151aa2606": {
    "url": "db://assets/win.png",
    "value": {
      "depends": []
    }
  },
  "b6c7d6db-9434-437d-82fc-e18151aa2606@6c48a": {
    "url": "db://assets/win.png@6c48a",
    "value": {
      "depends": [
        "b6c7d6db-9434-437d-82fc-e18151aa2606"
      ]
    }
  },
  "3870f31e-090e-4da1-bcb4-77e9a5a588b9@6c48a": {
    "url": "db://assets/lose.png@6c48a",
    "value": {
      "depends": [
        "3870f31e-090e-4da1-bcb4-77e9a5a588b9"
      ]
    }
  },
  "b6c7d6db-9434-437d-82fc-e18151aa2606@f9941": {
    "url": "db://assets/win.png@f9941",
    "value": {
      "depends": [
        "b6c7d6db-9434-437d-82fc-e18151aa2606@6c48a"
      ]
    }
  },
  "3870f31e-090e-4da1-bcb4-77e9a5a588b9@f9941": {
    "url": "db://assets/lose.png@f9941",
    "value": {
      "depends": [
        "3870f31e-090e-4da1-bcb4-77e9a5a588b9@6c48a"
      ]
    }
  }
}
