{
  "C:\\Users\\suppo\\Project\\colyseus\\FilterTest\\client\\CocosClient\\extensions\\colyseus-sdk\\runtime\\colyseus.d.ts": {
    "time": 1623097544000,
    "uuid": "b3d37852-12c5-433f-9b2f-1572b85fabda",
    "missing": false
  },
  "C:\\Users\\suppo\\Project\\colyseus\\FilterTest\\client\\CocosClient\\extensions\\colyseus-sdk\\runtime\\colyseus.d.ts.meta": {
    "time": 1672744584679.6484
  },
  "C:\\Users\\suppo\\Project\\colyseus\\FilterTest\\client\\CocosClient\\extensions\\colyseus-sdk\\runtime\\colyseus.js": {
    "time": 1623185760000,
    "uuid": "b554cfc3-98f3-4c04-ac8b-fd4ca2621ffb",
    "missing": false
  },
  "C:\\Users\\suppo\\Project\\colyseus\\FilterTest\\client\\CocosClient\\extensions\\colyseus-sdk\\runtime\\colyseus.js.meta": {
    "time": 1672744584682.6519
  }
}
