{
  "__type__": "cc.SpriteFrame",
  "content": {
    "name": "2",
    "atlas": "",
    "rect": {
      "x": 0,
      "y": 0,
      "width": 105,
      "height": 109
    },
    "offset": {
      "x": 0,
      "y": 0
    },
    "originalSize": {
      "width": 105,
      "height": 109
    },
    "rotated": false,
    "capInsets": [
      0,
      0,
      0,
      0
    ],
    "vertices": {
      "rawPosition": [
        -52.5,
        -54.5,
        0,
        52.5,
        -54.5,
        0,
        -52.5,
        54.5,
        0,
        52.5,
        54.5,
        0
      ],
      "indexes": [
        0,
        1,
        2,
        2,
        1,
        3
      ],
      "uv": [
        0,
        109,
        105,
        109,
        0,
        0,
        105,
        0
      ],
      "nuv": [
        0,
        0,
        1,
        0,
        0,
        1,
        1,
        1
      ],
      "minPos": {
        "x": -52.5,
        "y": -54.5,
        "z": 0
      },
      "maxPos": {
        "x": 52.5,
        "y": 54.5,
        "z": 0
      }
    },
    "texture": "da228b72-669c-4aef-9319-23c3420048f5@6c48a",
    "packable": true,
    "pixelsToUnit": 100,
    "pivot": {
      "x": 0.5,
      "y": 0.5
    },
    "meshType": 0
  }
}