{
  "__type__": "cc.SpriteFrame",
  "content": {
    "name": "big",
    "atlas": "",
    "rect": {
      "x": 0,
      "y": 0,
      "width": 262,
      "height": 272
    },
    "offset": {
      "x": 0,
      "y": 0
    },
    "originalSize": {
      "width": 262,
      "height": 272
    },
    "rotated": false,
    "capInsets": [
      0,
      0,
      0,
      0
    ],
    "vertices": {
      "rawPosition": [
        -131,
        -136,
        0,
        131,
        -136,
        0,
        -131,
        136,
        0,
        131,
        136,
        0
      ],
      "indexes": [
        0,
        1,
        2,
        2,
        1,
        3
      ],
      "uv": [
        0,
        272,
        262,
        272,
        0,
        0,
        262,
        0
      ],
      "nuv": [
        0,
        0,
        1,
        0,
        0,
        1,
        1,
        1
      ],
      "minPos": {
        "x": -131,
        "y": -136,
        "z": 0
      },
      "maxPos": {
        "x": 131,
        "y": 136,
        "z": 0
      }
    },
    "texture": "e4303b44-6568-4491-84ce-e222156f5af6@6c48a",
    "packable": true,
    "pixelsToUnit": 100,
    "pivot": {
      "x": 0.5,
      "y": 0.5
    },
    "meshType": 0
  }
}