{
  "imports": {
    "cce:/internal/x/cc": "./chunks/d0/d0b282b9748ef7fc7d2e7bd647d71b0f7e84da53.js",
    "cce:/internal/x/prerequisite-imports": "./chunks/63/6324fd7f2a6a90bef45040fcb7ce34af0ba6a7d3.js",
    "file:///C:/Users/suppo/Project/colyseus/FilterTest/client/CocosClient/extensions/colyseus-sdk/runtime/colyseus.js": "./chunks/18/187a1d850d5bc2542b5772e061fcc2d0790fb9b9.js",
    "file:///C:/Users/suppo/Project/colyseus/FilterTest/client/CocosClient/assets/Main.ts": "./chunks/b4/b465a01cfc7406217e827d7e076bbc258cc20f2f.js"
  },
  "scopes": {
    "./chunks/d0/d0b282b9748ef7fc7d2e7bd647d71b0f7e84da53.js": {
      "__unresolved_0": "cce:/internal/x/cc-fu/base",
      "__unresolved_1": "cce:/internal/x/cc-fu/gfx-webgl",
      "__unresolved_10": "cce:/internal/x/cc-fu/physics-framework",
      "__unresolved_11": "cce:/internal/x/cc-fu/physics-2d-framework",
      "__unresolved_12": "cce:/internal/x/cc-fu/intersection-2d",
      "__unresolved_13": "cce:/internal/x/cc-fu/primitive",
      "__unresolved_14": "cce:/internal/x/cc-fu/profiler",
      "__unresolved_15": "cce:/internal/x/cc-fu/geometry-renderer",
      "__unresolved_16": "cce:/internal/x/cc-fu/audio",
      "__unresolved_17": "cce:/internal/x/cc-fu/video",
      "__unresolved_18": "cce:/internal/x/cc-fu/xr",
      "__unresolved_19": "cce:/internal/x/cc-fu/terrain",
      "__unresolved_2": "cce:/internal/x/cc-fu/gfx-webgl2",
      "__unresolved_20": "cce:/internal/x/cc-fu/webview",
      "__unresolved_21": "cce:/internal/x/cc-fu/tween",
      "__unresolved_22": "cce:/internal/x/cc-fu/tiled-map",
      "__unresolved_23": "cce:/internal/x/cc-fu/spine",
      "__unresolved_24": "cce:/internal/x/cc-fu/dragon-bones",
      "__unresolved_25": "cce:/internal/x/cc-fu/custom-pipeline",
      "__unresolved_3": "cce:/internal/x/cc-fu/3d",
      "__unresolved_4": "cce:/internal/x/cc-fu/animation",
      "__unresolved_5": "cce:/internal/x/cc-fu/skeletal-animation",
      "__unresolved_6": "cce:/internal/x/cc-fu/2d",
      "__unresolved_7": "cce:/internal/x/cc-fu/ui",
      "__unresolved_8": "cce:/internal/x/cc-fu/particle",
      "__unresolved_9": "cce:/internal/x/cc-fu/particle-2d"
    },
    "./chunks/63/6324fd7f2a6a90bef45040fcb7ce34af0ba6a7d3.js": {
      "__unresolved_0": "./chunks/b4/b465a01cfc7406217e827d7e076bbc258cc20f2f.js",
      "__unresolved_1": "./chunks/18/187a1d850d5bc2542b5772e061fcc2d0790fb9b9.js"
    },
    "./chunks/18/187a1d850d5bc2542b5772e061fcc2d0790fb9b9.js": {
      "__unresolved_0": "./chunks/be/be027f973d8ff1c6fe3dcfebbc993118a793ec1b.js",
      "__unresolved_1": "./chunks/00/00bf433862c07648237d0c8c433f42a9dd482975.js",
      "__unresolved_2": "./chunks/e2/e22b6f02adf5d686a7ebd142d6b23614b189f373.js",
      "__unresolved_3": "./chunks/00/00bf433862c07648237d0c8c433f42a9dd482975.js",
      "__unresolved_4": "./chunks/00/00bf433862c07648237d0c8c433f42a9dd482975.js"
    },
    "./chunks/00/00bf433862c07648237d0c8c433f42a9dd482975.js": {
      "__unresolved_0": "./chunks/e2/e22b6f02adf5d686a7ebd142d6b23614b189f373.js"
    },
    "./chunks/b4/b465a01cfc7406217e827d7e076bbc258cc20f2f.js": {
      "__unresolved_0": "./chunks/be/be027f973d8ff1c6fe3dcfebbc993118a793ec1b.js",
      "__unresolved_1": "./chunks/18/187a1d850d5bc2542b5772e061fcc2d0790fb9b9.js",
      "cc": "./chunks/d0/d0b282b9748ef7fc7d2e7bd647d71b0f7e84da53.js"
    }
  }
}
