{
  "__type__": "cc.SpriteFrame",
  "content": {
    "name": "4",
    "atlas": "",
    "rect": {
      "x": 0,
      "y": 0,
      "width": 107,
      "height": 105
    },
    "offset": {
      "x": 0,
      "y": 0
    },
    "originalSize": {
      "width": 107,
      "height": 105
    },
    "rotated": false,
    "capInsets": [
      0,
      0,
      0,
      0
    ],
    "vertices": {
      "rawPosition": [
        -53.5,
        -52.5,
        0,
        53.5,
        -52.5,
        0,
        -53.5,
        52.5,
        0,
        53.5,
        52.5,
        0
      ],
      "indexes": [
        0,
        1,
        2,
        2,
        1,
        3
      ],
      "uv": [
        0,
        105,
        107,
        105,
        0,
        0,
        107,
        0
      ],
      "nuv": [
        0,
        0,
        1,
        0,
        0,
        1,
        1,
        1
      ],
      "minPos": {
        "x": -53.5,
        "y": -52.5,
        "z": 0
      },
      "maxPos": {
        "x": 53.5,
        "y": 52.5,
        "z": 0
      }
    },
    "texture": "7b160565-5663-4356-a0d6-4b72cd98a861@6c48a",
    "packable": true,
    "pixelsToUnit": 100,
    "pivot": {
      "x": 0.5,
      "y": 0.5
    },
    "meshType": 0
  }
}