{
  "imports": {
    "cce:/internal/x/cc": "./chunks/68/68d99eb2bd5ac449d443d1d23e7119c95c84ec84.js",
    "cce:/internal/x/prerequisite-imports": "./chunks/6c/6cea9118b313aa76b67e6fd6577a4a82aae4c9d4.js",
    "file:///C:/Users/suppo/Project/colyseus/FilterTest/client/CocosClient/extensions/colyseus-sdk/runtime/colyseus.js": "./chunks/18/187a1d850d5bc2542b5772e061fcc2d0790fb9b9.js",
    "file:///C:/Users/suppo/Project/colyseus/FilterTest/client/CocosClient/assets/Main.ts": "./chunks/4d/4d4ad4d585bcd7eefaebdb48e65eca81127e6590.js"
  },
  "scopes": {
    "./chunks/68/68d99eb2bd5ac449d443d1d23e7119c95c84ec84.js": {
      "__unresolved_0": "cce:/internal/x/cc-fu/2d",
      "__unresolved_1": "cce:/internal/x/cc-fu/animation",
      "__unresolved_10": "cce:/internal/x/cc-fu/physics-2d-framework",
      "__unresolved_11": "cce:/internal/x/cc-fu/profiler",
      "__unresolved_12": "cce:/internal/x/cc-fu/spine",
      "__unresolved_13": "cce:/internal/x/cc-fu/tiled-map",
      "__unresolved_14": "cce:/internal/x/cc-fu/tween",
      "__unresolved_15": "cce:/internal/x/cc-fu/ui",
      "__unresolved_16": "cce:/internal/x/cc-fu/video",
      "__unresolved_17": "cce:/internal/x/cc-fu/webview",
      "__unresolved_2": "cce:/internal/x/cc-fu/audio",
      "__unresolved_3": "cce:/internal/x/cc-fu/base",
      "__unresolved_4": "cce:/internal/x/cc-fu/dragon-bones",
      "__unresolved_5": "cce:/internal/x/cc-fu/gfx-webgl",
      "__unresolved_6": "cce:/internal/x/cc-fu/gfx-webgl2",
      "__unresolved_7": "cce:/internal/x/cc-fu/intersection-2d",
      "__unresolved_8": "cce:/internal/x/cc-fu/particle-2d",
      "__unresolved_9": "cce:/internal/x/cc-fu/physics-2d-box2d"
    },
    "./chunks/6c/6cea9118b313aa76b67e6fd6577a4a82aae4c9d4.js": {
      "__unresolved_0": "./chunks/4d/4d4ad4d585bcd7eefaebdb48e65eca81127e6590.js",
      "__unresolved_1": "./chunks/18/187a1d850d5bc2542b5772e061fcc2d0790fb9b9.js"
    },
    "./chunks/18/187a1d850d5bc2542b5772e061fcc2d0790fb9b9.js": {
      "__unresolved_0": "./chunks/cc/cceb4f795e6e637cc67c120b5b44ef3a584b486a.js",
      "__unresolved_1": "./chunks/c3/c31dd344613be6148c120bbe7b1ca4234463fd73.js",
      "__unresolved_2": "./chunks/bf/bfe72779096c71ed4dc3545a580f7065d44c03f9.js",
      "__unresolved_3": "./chunks/c3/c31dd344613be6148c120bbe7b1ca4234463fd73.js",
      "__unresolved_4": "./chunks/c3/c31dd344613be6148c120bbe7b1ca4234463fd73.js"
    },
    "./chunks/c3/c31dd344613be6148c120bbe7b1ca4234463fd73.js": {
      "__unresolved_0": "./chunks/bf/bfe72779096c71ed4dc3545a580f7065d44c03f9.js"
    },
    "./chunks/4d/4d4ad4d585bcd7eefaebdb48e65eca81127e6590.js": {
      "__unresolved_0": "./chunks/cc/cceb4f795e6e637cc67c120b5b44ef3a584b486a.js",
      "__unresolved_1": "./chunks/18/187a1d850d5bc2542b5772e061fcc2d0790fb9b9.js",
      "cc": "./chunks/68/68d99eb2bd5ac449d443d1d23e7119c95c84ec84.js"
    }
  }
}
