{
  "__type__": "cc.SpriteFrame",
  "content": {
    "name": "lose",
    "atlas": "",
    "rect": {
      "x": 0,
      "y": 0,
      "width": 756,
      "height": 186
    },
    "offset": {
      "x": 0,
      "y": 0
    },
    "originalSize": {
      "width": 756,
      "height": 186
    },
    "rotated": false,
    "capInsets": [
      0,
      0,
      0,
      0
    ],
    "vertices": {
      "rawPosition": [
        -378,
        -93,
        0,
        378,
        -93,
        0,
        -378,
        93,
        0,
        378,
        93,
        0
      ],
      "indexes": [
        0,
        1,
        2,
        2,
        1,
        3
      ],
      "uv": [
        0,
        186,
        756,
        186,
        0,
        0,
        756,
        0
      ],
      "nuv": [
        0,
        0,
        1,
        0,
        0,
        1,
        1,
        1
      ],
      "minPos": {
        "x": -378,
        "y": -93,
        "z": 0
      },
      "maxPos": {
        "x": 378,
        "y": 93,
        "z": 0
      }
    },
    "texture": "3870f31e-090e-4da1-bcb4-77e9a5a588b9@6c48a",
    "packable": true,
    "pixelsToUnit": 100,
    "pivot": {
      "x": 0.5,
      "y": 0.5
    },
    "meshType": 0
  }
}