{
  "__type__": "cc.SpriteFrame",
  "content": {
    "name": "6",
    "atlas": "",
    "rect": {
      "x": 0,
      "y": 0,
      "width": 104,
      "height": 105
    },
    "offset": {
      "x": 0,
      "y": 0
    },
    "originalSize": {
      "width": 104,
      "height": 105
    },
    "rotated": false,
    "capInsets": [
      0,
      0,
      0,
      0
    ],
    "vertices": {
      "rawPosition": [
        -52,
        -52.5,
        0,
        52,
        -52.5,
        0,
        -52,
        52.5,
        0,
        52,
        52.5,
        0
      ],
      "indexes": [
        0,
        1,
        2,
        2,
        1,
        3
      ],
      "uv": [
        0,
        105,
        104,
        105,
        0,
        0,
        104,
        0
      ],
      "nuv": [
        0,
        0,
        1,
        0,
        0,
        1,
        1,
        1
      ],
      "minPos": {
        "x": -52,
        "y": -52.5,
        "z": 0
      },
      "maxPos": {
        "x": 52,
        "y": 52.5,
        "z": 0
      }
    },
    "texture": "85f0d518-7ab0-47df-9a1b-cf0c1d38fdb4@6c48a",
    "packable": true,
    "pixelsToUnit": 100,
    "pivot": {
      "x": 0.5,
      "y": 0.5
    },
    "meshType": 0
  }
}