{
  "__type__": "cc.SpriteFrame",
  "content": {
    "name": "1",
    "atlas": "",
    "rect": {
      "x": 0,
      "y": 0,
      "width": 109,
      "height": 108
    },
    "offset": {
      "x": 0,
      "y": 0
    },
    "originalSize": {
      "width": 109,
      "height": 108
    },
    "rotated": false,
    "capInsets": [
      0,
      0,
      0,
      0
    ],
    "vertices": {
      "rawPosition": [
        -54.5,
        -54,
        0,
        54.5,
        -54,
        0,
        -54.5,
        54,
        0,
        54.5,
        54,
        0
      ],
      "indexes": [
        0,
        1,
        2,
        2,
        1,
        3
      ],
      "uv": [
        0,
        108,
        109,
        108,
        0,
        0,
        109,
        0
      ],
      "nuv": [
        0,
        0,
        1,
        0,
        0,
        1,
        1,
        1
      ],
      "minPos": {
        "x": -54.5,
        "y": -54,
        "z": 0
      },
      "maxPos": {
        "x": 54.5,
        "y": 54,
        "z": 0
      }
    },
    "texture": "a813643b-a1a9-4cb9-8e2b-2e0ee2769bfb@6c48a",
    "packable": true,
    "pixelsToUnit": 100,
    "pivot": {
      "x": 0.5,
      "y": 0.5
    },
    "meshType": 0
  }
}