{
  "__type__": "cc.SpriteFrame",
  "content": {
    "name": "small",
    "atlas": "",
    "rect": {
      "x": 0,
      "y": 0,
      "width": 235,
      "height": 240
    },
    "offset": {
      "x": 0,
      "y": 0
    },
    "originalSize": {
      "width": 235,
      "height": 240
    },
    "rotated": false,
    "capInsets": [
      0,
      0,
      0,
      0
    ],
    "vertices": {
      "rawPosition": [
        -117.5,
        -120,
        0,
        117.5,
        -120,
        0,
        -117.5,
        120,
        0,
        117.5,
        120,
        0
      ],
      "indexes": [
        0,
        1,
        2,
        2,
        1,
        3
      ],
      "uv": [
        0,
        240,
        235,
        240,
        0,
        0,
        235,
        0
      ],
      "nuv": [
        0,
        0,
        1,
        0,
        0,
        1,
        1,
        1
      ],
      "minPos": {
        "x": -117.5,
        "y": -120,
        "z": 0
      },
      "maxPos": {
        "x": 117.5,
        "y": 120,
        "z": 0
      }
    },
    "texture": "2e163894-d5ae-4c17-b919-c75d92b8f5bb@6c48a",
    "packable": true,
    "pixelsToUnit": 100,
    "pivot": {
      "x": 0.5,
      "y": 0.5
    },
    "meshType": 0
  }
}