{
  "__type__": "cc.SpriteFrame",
  "content": {
    "name": "5",
    "atlas": "",
    "rect": {
      "x": 0,
      "y": 0,
      "width": 105,
      "height": 106
    },
    "offset": {
      "x": 0,
      "y": 0
    },
    "originalSize": {
      "width": 105,
      "height": 106
    },
    "rotated": false,
    "capInsets": [
      0,
      0,
      0,
      0
    ],
    "vertices": {
      "rawPosition": [
        -52.5,
        -53,
        0,
        52.5,
        -53,
        0,
        -52.5,
        53,
        0,
        52.5,
        53,
        0
      ],
      "indexes": [
        0,
        1,
        2,
        2,
        1,
        3
      ],
      "uv": [
        0,
        106,
        105,
        106,
        0,
        0,
        105,
        0
      ],
      "nuv": [
        0,
        0,
        1,
        0,
        0,
        1,
        1,
        1
      ],
      "minPos": {
        "x": -52.5,
        "y": -53,
        "z": 0
      },
      "maxPos": {
        "x": 52.5,
        "y": 53,
        "z": 0
      }
    },
    "texture": "b665e914-85ce-4ac5-a35c-6ef95622bf03@6c48a",
    "packable": true,
    "pixelsToUnit": 100,
    "pivot": {
      "x": 0.5,
      "y": 0.5
    },
    "meshType": 0
  }
}