{
  "__type__": "cc.SpriteFrame",
  "content": {
    "name": "win",
    "atlas": "",
    "rect": {
      "x": 0,
      "y": 0,
      "width": 748,
      "height": 171
    },
    "offset": {
      "x": 0,
      "y": 0
    },
    "originalSize": {
      "width": 748,
      "height": 171
    },
    "rotated": false,
    "capInsets": [
      0,
      0,
      0,
      0
    ],
    "vertices": {
      "rawPosition": [
        -374,
        -85.5,
        0,
        374,
        -85.5,
        0,
        -374,
        85.5,
        0,
        374,
        85.5,
        0
      ],
      "indexes": [
        0,
        1,
        2,
        2,
        1,
        3
      ],
      "uv": [
        0,
        171,
        748,
        171,
        0,
        0,
        748,
        0
      ],
      "nuv": [
        0,
        0,
        1,
        0,
        0,
        1,
        1,
        1
      ],
      "minPos": {
        "x": -374,
        "y": -85.5,
        "z": 0
      },
      "maxPos": {
        "x": 374,
        "y": 85.5,
        "z": 0
      }
    },
    "texture": "b6c7d6db-9434-437d-82fc-e18151aa2606@6c48a",
    "packable": true,
    "pixelsToUnit": 100,
    "pivot": {
      "x": 0.5,
      "y": 0.5
    },
    "meshType": 0
  }
}