{
  "__type__": "cc.SpriteFrame",
  "content": {
    "name": "bg",
    "atlas": "",
    "rect": {
      "x": 0,
      "y": 0,
      "width": 1024,
      "height": 576
    },
    "offset": {
      "x": 0,
      "y": 0
    },
    "originalSize": {
      "width": 1024,
      "height": 576
    },
    "rotated": false,
    "capInsets": [
      0,
      0,
      0,
      0
    ],
    "vertices": {
      "rawPosition": [
        -512,
        -288,
        0,
        512,
        -288,
        0,
        -512,
        288,
        0,
        512,
        288,
        0
      ],
      "indexes": [
        0,
        1,
        2,
        2,
        1,
        3
      ],
      "uv": [
        0,
        576,
        1024,
        576,
        0,
        0,
        1024,
        0
      ],
      "nuv": [
        0,
        0,
        1,
        0,
        0,
        1,
        1,
        1
      ],
      "minPos": {
        "x": -512,
        "y": -288,
        "z": 0
      },
      "maxPos": {
        "x": 512,
        "y": 288,
        "z": 0
      }
    },
    "texture": "030ff0d5-db34-4b75-a1ec-170c0c2cd689@6c48a",
    "packable": true,
    "pixelsToUnit": 100,
    "pivot": {
      "x": 0.5,
      "y": 0.5
    },
    "meshType": 0
  }
}